{"cameraMode":{"drawMode":0,"name":"Shaded","section":"Shading Mode"},"sceneLighting":true,"audioPlay":false,"sceneViewState":{"showFog":true,"showMaterialUpdate":false,"showSkybox":true,"showFlares":true,"showImageEffects":true,"showParticleSystems":true,"showVisualEffectGraphs":true,"m_FxEnabled":true},"in2DMode":false,"pivot":{"x":7.307583808898926,"y":4.995502948760986,"z":3.181370735168457},"rotation":{"x":0.11738060414791107,"y":-0.19679905474185944,"z":0.023547420278191568,"w":0.9731807112693787},"size":0.6866024732589722,"orthographic":false}