{"cameraMode":{"drawMode":0,"name":"Shaded","section":"Shading Mode"},"sceneLighting":true,"audioPlay":false,"sceneViewState":{"showFog":true,"showMaterialUpdate":false,"showSkybox":true,"showFlares":true,"showImageEffects":true,"showParticleSystems":true,"showVisualEffectGraphs":true,"m_FxEnabled":true},"in2DMode":false,"pivot":{"x":-0.09058713912963867,"y":0.8988038301467896,"z":0.6053420305252075},"rotation":{"x":-0.49056440591812136,"y":0.13153119385242463,"z":-0.07521594315767288,"w":-0.8581731915473938},"size":3.007394790649414,"orthographic":false}